date,close,reportedDate_point,trailing_eps_4q_point,is_forecast_point,teps_source_point,trailing_eps_4q,pe_ratio,pe_assumed_low,pe_assumed_mid,pe_assumed_high,price_est_low,price_est_mid,price_est_high,valuation_gap_mid
2021-03-24,14.0,,,,,,,,,,,,,
2021-03-25,11.22,,,,,,,,,,,,,
2021-03-26,11.8,,,,,,,,,,,,,
2021-03-29,11.6,,,,,,,,,,,,,
2021-03-30,11.5,,,,,,,,,,,,,
2021-03-31,11.91,,,,,,,,,,,,,
2021-04-01,12.78,,,,,,,,,,,,,
2021-04-05,11.88,,,,,,,,,,,,,
2021-04-06,12.5,,,,,,,,,,,,,
2021-04-07,12.71,,,,,,,,,,,,,
2021-04-08,13.0,,,,,,,,,,,,,
2021-04-09,13.0,,,,,,,,,,,,,
2021-04-12,13.56,,,,,,,,,,,,,
2021-04-13,14.32,,,,,,,,,,,,,
2021-04-14,15.06,,,,,,,,,,,,,
2021-04-15,16.39,,,,,,,,,,,,,
2021-04-16,17.93,,,,,,,,,,,,,
2021-04-19,15.75,,,,,,,,,,,,,
2021-04-20,15.67,,,,,,,,,,,,,
2021-04-21,16.04,,,,,,,,,,,,,
2021-04-22,16.45,,,,,,,,,,,,,
2021-04-23,16.6,,,,,,,,,,,,,
2021-04-26,16.27,,,,,,,,,,,,,
2021-04-27,16.26,,,,,,,,,,,,,
2021-04-28,16.53,,,,,,,,,,,,,
2021-04-29,17.24,,,,,,,,,,,,,
2021-04-30,16.45,,,,,,,,,,,,,
2021-05-03,19.21,,,,,,,,,,,,,
2021-05-04,18.85,,,,,,,,,,,,,
2021-05-05,19.5,,,,,,,,,,,,,
2021-05-06,18.09,,,,,,,,,,,,,
2021-05-07,18.77,,,,,,,,,,,,,
2021-05-10,18.0,,,,,,,,,,,,,
2021-05-11,17.75,,,,,,,,,,,,,
2021-05-12,17.62,,,,,,,,,,,,,
2021-05-13,17.25,,,,,,,,,,,,,
2021-05-14,18.22,,,,,,,,,,,,,
2021-05-17,17.79,,,,,,,,,,,,,
2021-05-18,17.91,,,,,,,,,,,,,
2021-05-19,17.52,,,,,,,,,,,,,
2021-05-20,16.1,,,,,,,,,,,,,
2021-05-21,15.9,,,,,,,,,,,,,
2021-05-24,15.22,,,,,,,,,,,,,
2021-05-25,15.69,,,,,,,,,,,,,
2021-05-26,16.37,,,,,,,,,,,,,
2021-05-27,17.82,,,,,,,,,,,,,
2021-05-28,18.11,,,,,,,,,,,,,
2021-06-01,19.13,,,,,,,,,,,,,
2021-06-02,18.1,,,,,,,,,,,,,
2021-06-03,18.7,,,,,,,,,,,,,
2021-06-04,19.66,,,,,,,,,,,,,
2021-06-07,19.21,,,,,,,,,,,,,
2021-06-08,18.29,,,,,,,,,,,,,
2021-06-09,18.95,,,,,,,,,,,,,
2021-06-10,17.75,,,,,,,,,,,,,
2021-06-11,17.8,,,,,,,,,,,,,
2021-06-14,17.89,,,,,,,,,,,,,
2021-06-15,17.49,,,,,,,,,,,,,
2021-06-16,17.62,,,,,,,,,,,,,
2021-06-17,18.22,,,,,,,,,,,,,
2021-06-18,17.54,,,,,,,,,,,,,
2021-06-21,17.63,,,,,,,,,,,,,
2021-06-22,18.39,,,,,,,,,,,,,
2021-06-23,20.2,,,,,,,,,,,,,
2021-06-24,23.34,,,,,,,,,,,,,
2021-06-25,24.5,,,,,,,,,,,,,
2021-06-28,22.88,,,,,,,,,,,,,
2021-06-29,22.15,,,,,,,,,,,,,
2021-06-30,23.02,,,,,,,,,,,,,
2021-07-01,22.33,,,,,,,,,,,,,
2021-07-02,22.58,,,,,,,,,,,,,
2021-07-06,21.51,,,,,,,,,,,,,
2021-07-07,21.01,,,,,,,,,,,,,
2021-07-08,20.26,,,,,,,,,,,,,
2021-07-09,20.89,,,,,,,,,,,,,
2021-07-12,20.46,,,,,,,,,,,,,
2021-07-13,20.4,,,,,,,,,,,,,
2021-07-14,20.16,,,,,,,,,,,,,
2021-07-15,19.6,,,,,,,,,,,,,
2021-07-16,19.77,,,,,,,,,,,,,
2021-07-19,19.82,,,,,,,,,,,,,
2021-07-20,22.07,,,,,,,,,,,,,
2021-07-21,21.6,,,,,,,,,,,,,
2021-07-22,20.22,,,,,,,,,,,,,
2021-07-23,20.04,,,,,,,,,,,,,
2021-07-26,19.9,,,,,,,,,,,,,
2021-07-27,19.79,,,,,,,,,,,,,
2021-07-28,20.71,,,,,,,,,,,,,
2021-07-29,20.09,,,,,,,,,,,,,
2021-07-30,19.99,,,,,,,,,,,,,
2021-08-02,19.83,,,,,,,,,,,,,
2021-08-03,19.38,,,,,,,,,,,,,
2021-08-04,20.49,,,,,,,,,,,,,
2021-08-05,19.76,,,,,,,,,,,,,
2021-08-06,20.32,,,,,,,,,,,,,
2021-08-09,20.96,,,,,,,,,,,,,
2021-08-10,19.65,,,,,,,,,,,,,
2021-08-11,20.48,,,,,,,,,,,,,
2021-08-12,20.63,,,,,,,,,,,,,
2021-08-13,21.78,,,,,,,,,,,,,
2021-08-16,20.73,,,,,,,,,,,,,
2021-08-17,20.39,,,,,,,,,,,,,
2021-08-18,21.53,,,,,,,,,,,,,
2021-08-19,21.25,,,,,,,,,,,,,
2021-08-20,21.05,,,,,,,,,,,,,
2021-08-23,21.48,,,,,,,,,,,,,
2021-08-24,22.83,,,,,,,,,,,,,
2021-08-25,23.46,,,,,,,,,,,,,
2021-08-26,24.4,,,,,,,,,,,,,
2021-08-27,26.52,,,,,,,,,,,,,
2021-08-30,27.55,,,,,,,,,,,,,
2021-08-31,26.52,,,,,,,,,,,,,
2021-09-01,26.4,,,,,,,,,,,,,
2021-09-02,28.03,,,,,,,,,,,,,
2021-09-03,28.24,,,,,,,,,,,,,
2021-09-07,26.8,,,,,,,,,,,,,
2021-09-08,26.17,,,,,,,,,,,,,
2021-09-09,27.93,,,,,,,,,,,,,
2021-09-10,31.32,,,,,,,,,,,,,
2021-09-13,27.72,,,,,,,,,,,,,
2021-09-14,25.51,,,,,,,,,,,,,
2021-09-15,25.55,,,,,,,,,,,,,
2021-09-16,25.95,,,,,,,,,,,,,
2021-09-17,27.31,,,,,,,,,,,,,
2021-09-20,27.34,,,,,,,,,,,,,
2021-09-21,27.42,,,,,,,,,,,,,
2021-09-22,27.94,,,,,,,,,,,,,
2021-09-23,27.94,,,,,,,,,,,,,
2021-09-24,27.55,,,,,,,,,,,,,
2021-09-27,25.26,,,,,,,,,,,,,
2021-09-28,23.85,,,,,,,,,,,,,
2021-09-29,24.0,,,,,,,,,,,,,
2021-09-30,23.06,,,,,,,,,,,,,
2021-10-01,23.83,,,,,,,,,,,,,
2021-10-04,22.44,,,,,,,,,,,,,
2021-10-05,22.75,,,,,,,,,,,,,
2021-10-06,23.98,,,,,,,,,,,,,
2021-10-07,24.96,,,,,,,,,,,,,
2021-10-08,24.67,,,,,,,,,,,,,
2021-10-11,23.16,,,,,,,,,,,,,
2021-10-12,22.05,,,,,,,,,,,,,
2021-10-13,23.43,,,,,,,,,,,,,
2021-10-14,23.01,,,,,,,,,,,,,
2021-10-15,22.48,,,,,,,,,,,,,
2021-10-18,22.05,,,,,,,,,,,,,
2021-10-19,23.7,,,,,,,,,,,,,
2021-10-20,24.0,,,,,,,,,,,,,
2021-10-21,25.03,,,,,,,,,,,,,
2021-10-22,25.04,,,,,,,,,,,,,
2021-10-25,24.33,,,,,,,,,,,,,
2021-10-26,23.19,,,,,,,,,,,,,
2021-10-27,23.14,,,,,,,,,,,,,
2021-10-28,23.23,,,,,,,,,,,,,
2021-10-29,24.39,,,,,,,,,,,,,
2021-11-01,24.65,,,,,,,,,,,,,
2021-11-02,24.95,,,,,,,,,,,,,
2021-11-03,25.96,,,,,,,,,,,,,
2021-11-04,26.27,,,,,,,,,,,,,
2021-11-05,26.47,,,,,,,,,,,,,
2021-11-08,25.04,,,,,,,,,,,,,
2021-11-09,25.91,,,,,,,,,,,,,
2021-11-10,23.85,,,,,,,,,,,,,
2021-11-11,25.53,,,,,,,,,,,,,
2021-11-12,26.0,,,,,,,,,,,,,
2021-11-15,24.37,,,,,,,,,,,,,
2021-11-16,24.58,,,,,,,,,,,,,
2021-11-17,23.39,,,,,,,,,,,,,
2021-11-18,21.26,,,,,,,,,,,,,
2021-11-19,20.72,,,,,,,,,,,,,
2021-11-22,20.06,,,,,,,,,,,,,
2021-11-23,20.5,,,,,,,,,,,,,
2021-11-24,20.21,,,,,,,,,,,,,
2021-11-26,20.4,,,,,,,,,,,,,
2021-11-29,20.45,,,,,,,,,,,,,
2021-11-30,20.52,,,,,,,,,,,,,
2021-12-01,19.22,,,,,,,,,,,,,
2021-12-02,19.62,,,,,,,,,,,,,
2021-12-03,18.92,,,,,,,,,,,,,
2021-12-06,19.47,,,,,,,,,,,,,
2021-12-07,20.65,,,,,,,,,,,,,
2021-12-08,20.85,,,,,,,,,,,,,
2021-12-09,19.58,,,,,,,,,,,,,
2021-12-10,19.6,,,,,,,,,,,,,
2021-12-13,18.8,,,,,,,,,,,,,
2021-12-14,18.95,,,,,,,,,,,,,
2021-12-15,20.24,,,,,,,,,,,,,
2021-12-16,19.27,,,,,,,,,,,,,
2021-12-17,18.92,,,,,,,,,,,,,
2021-12-20,19.57,,,,,,,,,,,,,
2021-12-21,19.91,,,,,,,,,,,,,
2021-12-22,20.42,,,,,,,,,,,,,
2021-12-23,21.07,,,,,,,,,,,,,
2021-12-27,21.44,,,,,,,,,,,,,
2021-12-28,20.22,,,,,,,,,,,,,
2021-12-29,20.78,,,,,,,,,,,,,
2021-12-30,21.39,,,,,,,,,,,,,
2021-12-31,20.85,,,,,,,,,,,,,
2022-01-03,19.81,,,,,,,,,,,,,
2022-01-04,18.75,,,,,,,,,,,,,
2022-01-05,18.21,,,,,,,,,,,,,
2022-01-06,17.65,,,,,,,,,,,,,
2022-01-07,17.47,,,,,,,,,,,,,
2022-01-10,17.1,,,,,,,,,,,,,
2022-01-11,18.79,,,,,,,,,,,,,
2022-01-12,18.58,,,,,,,,,,,,,
2022-01-13,18.24,,,,,,,,,,,,,
2022-01-14,17.86,,,,,,,,,,,,,
2022-01-18,17.22,,,,,,,,,,,,,
2022-01-19,17.17,,,,,,,,,,,,,
2022-01-20,17.77,,,,,,,,,,,,,
2022-01-21,16.93,,,,,,,,,,,,,
2022-01-24,17.07,,,,,,,,,,,,,
2022-01-25,16.29,,,,,,,,,,,,,
2022-01-26,16.77,,,,,,,,,,,,,
2022-01-27,15.79,,,,,,,,,,,,,
2022-01-28,16.0,,,,,,,,,,,,,
2022-01-31,18.16,,,,,,,,,,,,,
2022-02-01,18.57,,,,,,,,,,,,,
2022-02-02,17.29,,,,,,,,,,,,,
2022-02-03,16.45,,,,,,,,,,,,,
2022-02-04,17.56,,,,,,,,,,,,,
2022-02-07,17.43,,,,,,,,,,,,,
2022-02-08,18.1,,,,,,,,,,,,,
2022-02-09,18.87,,,,,,,,,,,,,
2022-02-10,18.41,,,,,,,,,,,,,
2022-02-11,17.38,,,,,,,,,,,,,
2022-02-14,17.75,,,,,,,,,,,,,
2022-02-15,18.52,,,,,,,,,,,,,
2022-02-16,18.11,,,,,,,,,,,,,
2022-02-17,16.59,,,,,,,,,,,,,
2022-02-18,15.5,,,,,,,,,,,,,
2022-02-22,14.56,,,,,,,,,,,,,
2022-02-23,13.57,,,,,,,,,,,,,
2022-02-24,14.29,,,,,,,,,,,,,
2022-02-25,14.2,,,,,,,,,,,,,
2022-02-28,14.91,,,,,,,,,,,,,
2022-03-01,13.55,,,,,,,,,,,,,
2022-03-02,13.42,,,,,,,,,,,,,
2022-03-03,12.79,,,,,,,,,,,,,
2022-03-04,11.36,,,,,,,,,,,,,
2022-03-07,11.01,,,,,,,,,,,,,
2022-03-08,10.67,,,,,,,,,,,,,
2022-03-09,10.95,,,,,,,,,,,,,
2022-03-10,10.59,,,,,,,,,,,,,
2022-03-11,10.19,,,,,,,,,,,,,
2022-03-14,9.66,,,,,,,,,,,,,
2022-03-15,10.05,,,,,,,,,,,,,
2022-03-16,11.27,,,,,,,,,,,,,
2022-03-17,11.56,,,,,,,,,,,,,
2022-03-18,11.85,,,,,,,,,,,,,
2022-03-21,11.36,,,,,,,,,,,,,
2022-03-22,11.72,,,,,,,,,,,,,
2022-03-23,11.46,,,,,,,,,,,,,
2022-03-24,11.65,,,,,,,,,,,,,
2022-03-25,10.99,,,,,,,,,,,,,
2022-03-28,10.95,,,,,,,,,,,,,
2022-03-29,12.15,,,,,,,,,,,,,
2022-03-30,12.02,,,,,,,,,,,,,
2022-03-31,11.94,,,,,,,,,,,,,
2022-04-01,11.96,,,,,,,,,,,,,
2022-04-04,12.35,,,,,,,,,,,,,
2022-04-05,11.7,,,,,,,,,,,,,
2022-04-06,11.34,,,,,,,,,,,,,
2022-04-07,11.49,,,,,,,,,,,,,
2022-04-08,11.04,,,,,,,,,,,,,
2022-04-11,11.12,,,,,,,,,,,,,
2022-04-12,11.11,,,,,,,,,,,,,
2022-04-13,11.41,,,,,,,,,,,,,
2022-04-14,11.2,,,,,,,,,,,,,
2022-04-18,10.92,,,,,,,,,,,,,
2022-04-19,11.07,,,,,,,,,,,,,
2022-04-20,10.73,,,,,,,,,,,,,
2022-04-21,10.46,,,,,,,,,,,,,
2022-04-22,10.1,,,,,,,,,,,,,
2022-04-25,10.22,,,,,,,,,,,,,
2022-04-26,9.57,,,,,,,,,,,,,
2022-04-27,9.62,,,,,,,,,,,,,
2022-04-28,10.1,,,,,,,,,,,,,
2022-04-29,9.76,,,,,,,,,,,,,
2022-05-02,10.45,,,,,,,,,,,,,
2022-05-03,10.05,,,,,,,,,,,,,
2022-05-04,10.65,,,,,,,,,,,,,
2022-05-05,9.82,,,,,,,,,,,,,
2022-05-06,9.66,,,,,,,,,,,,,
2022-05-09,9.18,,,,,,,,,,,,,
2022-05-10,8.96,,,,,,,,,,,,,
2022-05-11,8.78,,,,,,,,,,,,,
2022-05-12,8.65,,,,,,,,,,,,,
2022-05-13,9.53,,,,,,,,,,,,,
2022-05-16,9.54,,,,,,,,,,,,,
2022-05-17,10.01,,,,,,,,,,,,,
2022-05-18,9.6,,,,,,,,,,,,,
2022-05-19,10.53,,,,,,,,,,,,,
2022-05-20,9.96,,,,,,,,,,,,,
2022-05-23,10.41,,,,,,,,,,,,,
2022-05-24,9.68,,,,,,,,,,,,,
2022-05-25,9.77,,,,,,,,,,,,,
2022-05-26,10.6,,,,,,,,,,,,,
2022-05-27,11.11,,,,,,,,,,,,,
2022-05-31,9.99,,,,,,,,,,,,,
2022-06-01,10.28,,,,,,,,,,,,,
2022-06-02,11.08,,,,,,,,,,,,,
2022-06-03,11.01,,,,,,,,,,,,,
2022-06-06,10.83,,,,,,,,,,,,,
2022-06-07,11.47,,,,,,,,,,,,,
2022-06-08,12.12,,,,,,,,,,,,,
2022-06-09,11.35,,,,,,,,,,,,,
2022-06-10,11.21,,,,,,,,,,,,,
2022-06-13,10.49,,,,,,,,,,,,,
2022-06-14,10.97,,,,,,,,,,,,,
2022-06-15,11.64,,,,,,,,,,,,,
2022-06-16,10.91,,,,,,,,,,,,,
2022-06-17,11.69,,,,,,,,,,,,,
2022-06-21,12.52,,,,,,,,,,,,,
2022-06-22,12.5,,,,,,,,,,,,,
2022-06-23,13.35,,,,,,,,,,,,,
2022-06-24,14.32,,,,,,,,,,,,,
2022-06-27,13.88,,,,,,,,,,,,,
2022-06-28,13.3,,,,,,,,,,,,,
2022-06-29,13.5,,,,,,,,,,,,,
2022-06-30,12.93,,,,,,,,,,,,,
2022-07-01,13.25,,,,,,,,,,,,,
2022-07-05,12.68,,,,,,,,,,,,,
2022-07-06,12.64,,,,,,,,,,,,,
2022-07-07,13.45,,,,,,,,,,,,,
2022-07-08,13.04,,,,,,,,,,,,,
2022-07-11,12.0,,,,,,,,,,,,,
2022-07-12,12.01,,,,,,,,,,,,,
2022-07-13,11.74,,,,,,,,,,,,,
2022-07-14,11.17,,,,,,,,,,,,,
2022-07-15,11.63,,,,,,,,,,,,,
2022-07-18,11.52,,,,,,,,,,,,,
2022-07-19,11.89,,,,,,,,,,,,,
2022-07-20,12.47,,,,,,,,,,,,,
2022-07-21,12.48,,,,,,,,,,,,,
2022-07-22,11.71,,,,,,,,,,,,,
2022-07-25,11.78,,,,,,,,,,,,,
2022-07-26,11.49,,,,,,,,,,,,,
2022-07-27,12.16,,,,,,,,,,,,,
2022-07-28,12.02,,,,,,,,,,,,,
2022-07-29,12.16,,,,,,,,,,,,,
2022-08-01,12.26,,,,,,,,,,,,,
2022-08-02,12.36,,,,,,,,,,,,,
2022-08-03,12.83,,,,,,,,,,,,,
2022-08-04,13.17,,,,,,,,,,,,,
2022-08-05,13.07,,,,,,,,,,,,,
2022-08-08,13.73,,,,,,,,,,,,,
2022-08-09,13.8,,,,,,,,,,,,,
2022-08-10,13.89,,,,,,,,,,,,,
2022-08-11,13.35,,,,,,,,,,,,,
2022-08-12,14.27,,,,,,,,,,,,,
2022-08-15,14.38,,,,,,,,,,,,,
2022-08-16,14.43,,,,,,,,,,,,,
2022-08-17,13.77,,,,,,,,,,,,,
2022-08-18,13.54,,,,,,,,,,,,,
2022-08-19,13.01,,,,,,,,,,,,,
2022-08-22,12.97,,,,,,,,,,,,,
2022-08-23,12.97,,,,,,,,,,,,,
2022-08-24,13.24,,,,,,,,,,,,,
2022-08-25,13.42,,,,,,,,,,,,,
2022-08-26,12.29,,,,,,,,,,,,,
2022-08-29,12.15,,,,,,,,,,,,,
2022-08-30,12.04,,,,,,,,,,,,,
2022-08-31,12.27,,,,,,,,,,,,,
2022-09-01,11.35,,,,,,,,,,,,,
2022-09-02,11.33,,,,,,,,,,,,,
2022-09-06,11.81,,,,,,,,,,,,,
2022-09-07,11.93,,,,,,,,,,,,,
2022-09-08,11.8,,,,,,,,,,,,,
2022-09-09,12.36,,,,,,,,,,,,,
2022-09-12,12.46,,,,,,,,,,,,,
2022-09-13,11.63,,,,,,,,,,,,,
2022-09-14,12.06,,,,,,,,,,,,,
2022-09-15,11.71,,,,,,,,,,,,,
2022-09-16,11.52,,,,,,,,,,,,,
2022-09-19,10.82,,,,,,,,,,,,,
2022-09-20,11.11,,,,,,,,,,,,,
2022-09-21,11.22,,,,,,,,,,,,,
2022-09-22,10.94,,,,,,,,,,,,,
2022-09-23,10.86,,,,,,,,,,,,,
2022-09-26,10.76,,,,,,,,,,,,,
2022-09-27,11.33,,,,,,,,,,,,,
2022-09-28,11.47,,,,,,,,,,,,,
2022-09-29,11.55,,,,,,,,,,,,,
2022-09-30,11.21,,,,,,,,,,,,,
2022-10-03,11.42,,,,,,,,,,,,,
2022-10-04,12.45,,,,,,,,,,,,,
2022-10-05,12.35,,,,,,,,,,,,,
2022-10-06,12.62,,,,,,,,,,,,,
2022-10-07,12.14,,,,,,,,,,,,,
2022-10-10,11.7,,,,,,,,,,,,,
2022-10-11,11.38,,,,,,,,,,,,,
2022-10-12,11.25,,,,,,,,,,,,,
2022-10-13,11.65,,,,,,,,,,,,,
2022-10-14,11.29,,,,,,,,,,,,,
2022-10-17,11.87,,,,,,,,,,,,,
2022-10-18,12.12,,,,,,,,,,,,,
2022-10-19,11.59,,,,,,,,,,,,,
2022-10-20,12.0,,,,,,,,,,,,,
2022-10-21,12.01,,,,,,,,,,,,,
2022-10-24,11.58,,,,,,,,,,,,,
2022-10-25,12.05,,,,,,,,,,,,,
2022-10-26,11.76,,,,,,,,,,,,,
2022-10-27,11.93,,,,,,,,,,,,,
2022-10-28,12.3,,,,,,,,,,,,,
2022-10-31,12.23,,,,,,,,,,,,,
2022-11-01,11.91,,,,,,,,,,,,,
2022-11-02,11.24,,,,,,,,,,,,,
2022-11-03,11.27,,,,,,,,,,,,,
2022-11-04,10.97,,,,,,,,,,,,,
2022-11-07,11.25,,,,,,,,,,,,,
2022-11-08,11.24,,,,,,,,,,,,,
2022-11-09,10.58,,,,,,,,,,,,,
2022-11-10,11.33,,,,,,,,,,,,,
2022-11-11,11.97,,,,,,,,,,,,,
2022-11-14,11.49,,,,,,,,,,,,,
2022-11-15,10.01,,,,,,,,,,,,,
2022-11-16,9.72,,,,,,,,,,,,,
2022-11-17,9.04,,,,,,,,,,,,,
2022-11-18,9.25,,,,,,,,,,,,,
2022-11-21,9.39,,,,,,,,,,,,,
2022-11-22,9.31,,,,,,,,,,,,,
2022-11-23,9.52,,,,,,,,,,,,,
2022-11-25,9.57,,,,,,,,,,,,,
2022-11-28,9.15,,,,,,,,,,,,,
2022-11-29,9.08,,,,,,,,,,,,,
2022-11-30,9.48,,,,,,,,,,,,,
2022-12-01,9.43,,,,,,,,,,,,,
2022-12-02,9.11,,,,,,,,,,,,,
2022-12-05,8.95,,,,,,,,,,,,,
2022-12-06,8.24,,,,,,,,,,,,,
2022-12-07,7.95,,,,,,,,,,,,,
2022-12-08,8.12,,,,,,,,,,,,,
2022-12-09,8.06,,,,,,,,,,,,,
2022-12-12,8.01,,,,,,,,,,,,,
2022-12-13,8.45,,,,,,,,,,,,,
2022-12-14,8.51,,,,,,,,,,,,,
2022-12-15,8.46,,,,,,,,,,,,,
2022-12-16,8.75,,,,,,,,,,,,,
2022-12-19,8.4,,,,,,,,,,,,,
2022-12-20,8.0,,,,,,,,,,,,,
2022-12-21,7.8,,,,,,,,,,,,,
2022-12-22,7.58,,,,,,,,,,,,,
2022-12-23,7.59,,,,,,,,,,,,,
2022-12-27,7.24,,,,,,,,,,,,,
2022-12-28,7.27,,,,,,,,,,,,,
2022-12-29,7.74,,,,,,,,,,,,,
2022-12-30,8.14,,,,,,,,,,,,,
2023-01-03,8.14,,,,,,,,,,,,,
2023-01-04,8.52,,,,,,,,,,,,,
2023-01-05,8.19,,,,,,,,,,,,,
2023-01-06,8.15,,,,,,,,,,,,,
2023-01-09,7.9,,,,,,,,,,,,,
2023-01-10,8.13,,,,,,,,,,,,,
2023-01-11,8.18,,,,,,,,,,,,,
2023-01-12,8.16,,,,,,,,,,,,,
2023-01-13,8.3,,,,,,,,,,,,,
2023-01-17,8.08,,,,,,,,,,,,,
2023-01-18,8.09,,,,,,,,,,,,,
2023-01-19,7.99,,,,,,,,,,,,,
2023-01-20,7.99,,,,,,,,,,,,,
2023-01-23,8.26,,,,,,,,,,,,,
2023-01-24,7.89,,,,,,,,,,,,,
2023-01-25,7.91,,,,,,,,,,,,,
2023-01-26,8.91,,,,,,,,,,,,,
2023-01-27,9.43,,,,,,,,,,,,,
2023-01-30,9.8,,,,,,,,,,,,,
2023-01-31,9.77,,,,,,,,,,,,,
2023-02-01,9.82,,,,,,,,,,,,,
2023-02-02,10.49,,,,,,,,,,,,,
2023-02-03,10.17,,,,,,,,,,,,,
2023-02-06,9.76,,,,,,,,,,,,,
2023-02-07,10.03,,,,,,,,,,,,,
2023-02-08,9.56,,,,,,,,,,,,,
2023-02-09,9.38,,,,,,,,,,,,,
2023-02-10,9.04,,,,,,,,,,,,,
2023-02-13,8.87,,,,,,,,,,,,,
2023-02-14,9.09,,,,,,,,,,,,,
2023-02-15,9.79,,,,,,,,,,,,,
2023-02-16,9.17,,,,,,,,,,,,,
2023-02-17,9.04,,,,,,,,,,,,,
2023-02-21,8.82,,,,,,,,,,,,,
2023-02-22,8.83,,,,,,,,,,,,,
2023-02-23,9.0,,,,,,,,,,,,,
2023-02-24,8.61,,,,,,,,,,,,,
2023-02-27,8.13,,,,,,,,,,,,,
2023-02-28,8.0,,,,,,,,,,,,,
2023-03-01,7.93,,,,,,,,,,,,,
2023-03-02,8.15,,,,,,,,,,,,,
2023-03-03,8.41,,,,,,,,,,,,,
2023-03-06,8.19,,,,,,,,,,,,,
2023-03-07,8.24,,,,,,,,,,,,,
2023-03-08,8.18,,,,,,,,,,,,,
2023-03-09,7.9,,,,,,,,,,,,,
2023-03-10,7.8,,,,,,,,,,,,,
2023-03-13,7.95,,,,,,,,,,,,,
2023-03-14,8.67,,,,,,,,,,,,,
2023-03-15,9.52,,,,,,,,,,,,,
2023-03-16,9.08,,,,,,,,,,,,,
2023-03-17,8.56,,,,,,,,,,,,,
2023-03-20,8.97,,,,,,,,,,,,,
2023-03-21,9.33,,,,,,,,,,,,,
2023-03-22,9.35,,,,,,,,,,,,,
2023-03-23,9.46,,,,,,,,,,,,,
2023-03-24,9.39,,,,,,,,,,,,,
2023-03-27,9.55,,,,,,,,,,,,,
2023-03-28,9.22,,,,,,,,,,,,,
2023-03-29,9.6,,,,,,,,,,,,,
2023-03-30,9.71,,,,,,,,,,,,,
2023-03-31,10.05,,,,,,,,,,,,,
2023-04-03,9.96,,,,,,,,,,,,,
2023-04-04,10.29,,,,,,,,,,,,,
2023-04-05,9.89,,,,,,,,,,,,,
2023-04-06,9.91,,,,,,,,,,,,,
2023-04-10,10.18,,,,,,,,,,,,,
2023-04-11,10.21,,,,,,,,,,,,,
2023-04-12,9.9,,,,,,,,,,,,,
2023-04-13,9.96,,,,,,,,,,,,,
2023-04-14,9.8,,,,,,,,,,,,,
2023-04-17,9.69,,,,,,,,,,,,,
2023-04-18,9.7,,,,,,,,,,,,,
2023-04-19,9.85,,,,,,,,,,,,,
2023-04-20,9.64,,,,,,,,,,,,,
2023-04-21,9.78,,,,,,,,,,,,,
2023-04-24,9.46,,,,,,,,,,,,,
2023-04-25,8.92,,,,,,,,,,,,,
2023-04-26,9.1,,,,,,,,,,,,,
2023-04-27,9.52,,,,,,,,,,,,,
2023-04-28,9.66,,,,,,,,,,,,,
2023-05-01,9.69,,,,,,,,,,,,,
2023-05-02,9.45,,,,,,,,,,,,,
2023-05-03,9.32,,,,,,,,,,,,,
2023-05-04,9.26,,,,,,,,,,,,,
2023-05-05,9.58,,,,,,,,,,,,,
2023-05-08,9.84,,,,,,,,,,,,,
2023-05-09,8.24,,,,,,,,,,,,,
2023-05-10,8.48,,,,,,,,,,,,,
2023-05-11,8.64,,,,,,,,,,,,,
2023-05-12,8.35,,,,,,,,,,,,,
2023-05-15,8.68,,,,,,,,,,,,,
2023-05-16,8.32,,,,,,,,,,,,,
2023-05-17,8.23,,,,,,,,,,,,,
2023-05-18,8.26,,,,,,,,,,,,,
2023-05-19,8.14,,,,,,,,,,,,,
2023-05-22,8.18,,,,,,,,,,,,,
2023-05-23,8.25,,,,,,,,,,,,,
2023-05-24,8.17,,,,,,,,,,,,,
2023-05-25,7.66,,,,,,,,,,,,,
2023-05-26,7.45,,,,,,,,,,,,,
2023-05-30,7.3,,,,,,,,,,,,,
2023-05-31,7.61,,,,,,,,,,,,,
2023-06-01,7.9,,,,,,,,,,,,,
2023-06-02,7.93,,,,,,,,,,,,,
2023-06-05,7.47,,,,,,,,,,,,,
2023-06-06,7.65,,,,,,,,,,,,,
2023-06-07,7.5,,,,,,,,,,,,,
2023-06-08,7.46,,,,,,,,,,,,,
2023-06-09,7.45,,,,,,,,,,,,,
2023-06-12,7.71,,,,,,,,,,,,,
2023-06-13,7.95,,,,,,,,,,,,,
2023-06-14,8.22,,,,,,,,,,,,,
2023-06-15,8.53,,,,,,,,,,,,,
2023-06-16,8.76,,,,,,,,,,,,,
2023-06-20,8.99,,,,,,,,,,,,,
2023-06-21,8.72,,,,,,,,,,,,,
2023-06-22,8.83,,,,,,,,,,,,,
2023-06-23,8.58,,,,,,,,,,,,,
2023-06-26,8.46,,,,,,,,,,,,,
2023-06-27,8.87,,,,,,,,,,,,,
2023-06-28,9.32,,,,,,,,,,,,,
2023-06-29,9.49,,,,,,,,,,,,,
2023-06-30,9.57,,,,,,,,,,,,,
2023-07-03,9.51,,,,,,,,,,,,,
2023-07-05,9.79,,,,,,,,,,,,,
2023-07-06,9.72,,,,,,,,,,,,,
2023-07-07,9.78,,,,,,,,,,,,,
2023-07-10,9.45,,,,,,,,,,,,,
2023-07-11,9.34,,,,,,,,,,,,,
2023-07-12,10.02,,,,,,,,,,,,,
2023-07-13,10.27,,,,,,,,,,,,,
2023-07-14,9.77,,,,,,,,,,,,,
2023-07-17,10.01,,,,,,,,,,,,,
2023-07-18,10.46,,,,,,,,,,,,,
2023-07-19,10.37,,,,,,,,,,,,,
2023-07-20,9.88,,,,,,,,,,,,,
2023-07-21,10.04,,,,,,,,,,,,,
2023-07-24,9.99,,,,,,,,,,,,,
2023-07-25,9.96,,,,,,,,,,,,,
2023-07-26,10.35,,,,,,,,,,,,,
2023-07-27,10.12,,,,,,,,,,,,,
2023-07-28,10.47,,,,,,,,,,,,,
2023-07-31,10.61,,,,,,,,,,,,,
2023-08-01,10.63,,,,,,,,,,,,,
2023-08-02,10.18,,,,,,,,,,,,,
2023-08-03,10.18,,,,,,,,,,,,,
2023-08-04,10.47,,,,,,,,,,,,,
2023-08-07,9.68,,,,,,,,,,,,,
2023-08-08,9.77,,,,,,,,,,,,,
2023-08-09,9.29,,,,,,,,,,,,,
2023-08-10,9.38,,,,,,,,,,,,,
2023-08-11,9.41,,,,,,,,,,,,,
2023-08-14,9.34,,,,,,,,,,,,,
2023-08-15,9.18,,,,,,,,,,,,,
2023-08-16,9.26,,,,,,,,,,,,,
2023-08-17,8.98,,,,,,,,,,,,,
2023-08-18,8.52,,,,,,,,,,,,,
2023-08-21,8.79,,,,,,,,,,,,,
2023-08-22,8.9,,,,,,,,,,,,,
2023-08-23,9.1,,,,,,,,,,,,,
2023-08-24,8.89,,,,,,,,,,,,,
2023-08-25,8.97,,,,,,,,,,,,,
2023-08-28,8.96,,,,,,,,,,,,,
2023-08-29,9.06,,,,,,,,,,,,,
2023-08-30,9.29,,,,,,,,,,,,,
2023-08-31,9.45,,,,,,,,,,,,,
2023-09-01,9.23,,,,,,,,,,,,,
2023-09-05,9.09,,,,,,,,,,,,,
2023-09-06,8.96,,,,,,,,,,,,,
2023-09-07,9.1,,,,,,,,,,,,,
2023-09-08,8.87,,,,,,,,,,,,,
2023-09-11,8.89,,,,,,,,,,,,,
2023-09-12,8.65,,,,,,,,,,,,,
2023-09-13,8.39,,,,,,,,,,,,,
2023-09-14,8.61,,,,,,,,,,,,,
2023-09-15,8.68,,,,,,,,,,,,,
2023-09-18,8.68,,,,,,,,,,,,,
2023-09-19,8.55,,,,,,,,,,,,,
2023-09-20,8.38,,,,,,,,,,,,,
2023-09-21,7.97,,,,,,,,,,,,,
2023-09-22,8.12,,,,,,,,,,,,,
2023-09-25,8.12,,,,,,,,,,,,,
2023-09-26,8.02,,,,,,,,,,,,,
2023-09-27,8.2,,,,,,,,,,,,,
2023-09-28,8.25,,,,,,,,,,,,,
2023-09-29,8.5,,,,,,,,,,,,,
2023-10-02,8.24,,,,,,,,,,,,,
2023-10-03,7.99,,,,,,,,,,,,,
2023-10-04,8.13,,,,,,,,,,,,,
2023-10-05,7.99,,,,,,,,,,,,,
2023-10-06,8.27,,,,,,,,,,,,,
2023-10-09,8.29,,,,,,,,,,,,,
2023-10-10,8.29,,,,,,,,,,,,,
2023-10-11,8.28,,,,,,,,,,,,,
2023-10-12,8.12,,,,,,,,,,,,,
2023-10-13,7.97,,,,,,,,,,,,,
2023-10-16,8.3,,,,,,,,,,,,,
2023-10-17,8.38,,,,,,,,,,,,,
2023-10-18,8.25,,,,,,,,,,,,,
2023-10-19,8.28,,,,,,,,,,,,,
2023-10-20,8.31,,,,,,,,,,,,,
2023-10-23,8.36,,,,,,,,,,,,,
2023-10-24,8.66,,,,,,,,,,,,,
2023-10-25,8.26,,,,,,,,,,,,,
2023-10-26,8.06,,,,,,,,,,,,,
2023-10-27,8.05,,,,,,,,,,,,,
2023-10-30,8.08,,,,,,,,,,,,,
2023-10-31,8.08,,,,,,,,,,,,,
2023-11-01,7.61,,,,,,,,,,,,,
2023-11-02,7.65,,,,,,,,,,,,,
2023-11-03,8.15,,,,,,,,,,,,,
2023-11-06,8.3,,,,,,,,,,,,,
2023-11-07,8.31,,,,,,,,,,,,,
2023-11-08,8.4,,,,,,,,,,,,,
2023-11-09,8.21,,,,,,,,,,,,,
2023-11-10,8.55,,,,,,,,,,,,,
2023-11-13,8.81,,,,,,,,,,,,,
2023-11-14,9.54,,,,,,,,,,,,,
2023-11-15,9.69,,,,,,,,,,,,,
2023-11-16,9.53,,,,,,,,,,,,,
2023-11-17,9.51,,,,,,,,,,,,,
2023-11-20,9.75,,,,,,,,,,,,,
2023-11-21,9.88,,,,,,,,,,,,,
2023-11-22,9.82,,,,,,,,,,,,,
2023-11-24,9.93,,,,,,,,,,,,,
2023-11-27,10.43,,,,,,,,,,,,,
2023-11-28,10.92,,,,,,,,,,,,,
2023-11-29,11.06,,,,,,,,,,,,,
2023-11-30,10.92,,,,,,,,,,,,,
2023-12-01,11.17,,,,,,,,,,,,,
2023-12-04,11.19,,,,,,,,,,,,,
2023-12-05,11.33,,,,,,,,,,,,,
2023-12-06,11.52,,,,,,,,,,,,,
2023-12-07,11.21,,,,,,,,,,,,,
2023-12-08,11.5,,,,,,,,,,,,,
2023-12-11,11.47,,,,,,,,,,,,,
2023-12-12,11.53,,,,,,,,,,,,,
2023-12-13,12.05,,,,,,,,,,,,,
2023-12-14,11.94,,,,,,,,,,,,,
2023-12-15,11.82,,,,,,,,,,,,,
2023-12-18,11.95,,,,,,,,,,,,,
2023-12-19,12.54,,,,,,,,,,,,,
2023-12-20,12.64,,,,,,,,,,,,,
2023-12-21,13.39,,,,,,,,,,,,,
2023-12-22,13.88,,,,,,,,,,,,,
2023-12-26,13.89,,,,,,,,,,,,,
2023-12-27,14.0,,,,,,,,,,,,,
2023-12-28,14.05,,,,,,,,,,,,,
2023-12-29,13.66,,,,,,,,,,,,,
2024-01-02,13.18,,,,,,,,,,,,,
2024-01-03,12.68,,,,,,,,,,,,,
2024-01-04,12.51,,,,,,,,,,,,,
2024-01-05,12.5,,,,,,,,,,,,,
2024-01-08,12.46,,,,,,,,,,,,,
2024-01-09,12.43,,,,,,,,,,,,,
2024-01-10,12.49,,,,,,,,,,,,,
2024-01-11,12.56,,,,,,,,,,,,,
2024-01-12,12.35,,,,,,,,,,,,,
2024-01-16,12.26,,,,,,,,,,,,,
2024-01-17,11.85,,,,,,,,,,,,,
2024-01-18,11.96,,,,,,,,,,,,,
2024-01-19,11.73,,,,,,,,,,,,,
2024-01-22,12.13,,,,,,,,,,,,,
2024-01-23,12.01,,,,,,,,,,,,,
2024-01-24,11.7,,,,,,,,,,,,,
2024-01-25,11.75,,,,,,,,,,,,,
2024-01-26,11.77,,,,,,,,,,,,,
2024-01-29,12.08,,,,,,,,,,,,,
2024-01-30,11.89,,,,,,,,,,,,,
2024-01-31,11.54,,,,,,,,,,,,,
2024-02-01,11.55,,,,,,,,,,,,,
2024-02-02,11.42,,,,,,,,,,,,,
2024-02-05,11.16,,,,,,,,,,,,,
2024-02-06,11.21,,,,,,,,,,,,,
2024-02-07,12.45,,,,,,,,,,,,,
2024-02-08,12.14,,,,,,,,,,,,,
2024-02-09,12.24,,,,,,,,,,,,,
2024-02-12,12.24,,,,,,,,,,,,,
2024-02-13,11.58,,,,,,,,,,,,,
2024-02-14,12.1,,,,,,,,,,,,,
2024-02-15,12.32,,,,,,,,,,,,,
2024-02-16,12.65,,,,,,,,,,,,,
2024-02-20,12.71,,,,,,,,,,,,,
2024-02-21,11.98,,,,,,,,,,,,,
2024-02-22,12.22,,,,,,,,,,,,,
2024-02-23,12.62,,,,,,,,,,,,,
2024-02-26,12.62,,,,,,,,,,,,,
2024-02-27,12.74,,,,,,,,,,,,,
2024-02-28,12.42,,,,,,,,,,,,,
2024-02-29,12.48,,,,,,,,,,,,,
2024-03-01,12.56,,,,,,,,,,,,,
2024-03-04,13.0,,,,,,,,,,,,,
2024-03-05,10.89,,,,,,,,,,,,,
2024-03-06,10.47,,,,,,,,,,,,,
2024-03-07,11.32,,,,,,,,,,,,,
2024-03-08,11.41,,,,,,,,,,,,,
2024-03-11,11.0,,,,,,,,,,,,,
2024-03-12,11.11,,,,,,,,,,,,,
2024-03-13,11.2,,,,,,,,,,,,,
2024-03-14,11.21,,,,,,,,,,,,,
2024-03-15,11.18,,,,,,,,,,,,,
2024-03-18,11.44,,,,,,,,,,,,,
2024-03-19,11.43,,,,,,,,,,,,,
2024-03-20,11.69,,,,,,,,,,,,,
2024-03-21,12.03,,,,,,,,,,,,,
2024-03-22,12.12,,,,,,,,,,,,,
2024-03-25,12.68,,,,,,,,,,,,,
2024-03-26,12.93,,,,,,,,,,,,,
2024-03-27,13.06,,,,,,,,,,,,,
2024-03-28,13.26,,,,,,,,,,,,,
2024-04-01,13.53,,,,,,,,,,,,,
2024-04-02,13.25,,,,,,,,,,,,,
2024-04-03,13.17,,,,,,,,,,,,,
2024-04-04,13.12,,,,,,,,,,,,,
2024-04-05,13.32,,,,,,,,,,,,,
2024-04-08,13.47,,,,,,,,,,,,,
2024-04-09,13.5,,,,,,,,,,,,,
2024-04-10,12.92,,,,,,,,,,,,,
2024-04-11,12.95,,,,,,,,,,,,,
2024-04-12,12.33,,,,,,,,,,,,,
2024-04-15,12.03,,,,,,,,,,,,,
2024-04-16,11.92,,,,,,,,,,,,,
2024-04-17,11.84,,,,,,,,,,,,,
2024-04-18,11.67,,,,,,,,,,,,,
2024-04-19,11.5,,,,,,,,,,,,,
2024-04-22,11.9,,,,,,,,,,,,,
2024-04-23,12.25,,,,,,,,,,,,,
2024-04-24,12.29,,,,,,,,,,,,,
2024-04-25,11.85,,,,,,,,,,,,,
2024-04-26,12.02,,,,,,,,,,,,,
2024-04-29,12.44,,,,,,,,,,,,,
2024-04-30,12.24,,,,,,,,,,,,,
2024-05-01,12.4,,,,,,,,,,,,,
2024-05-02,12.54,,,,,,,,,,,,,
2024-05-03,12.53,,,,,,,,,,,,,
2024-05-06,13.18,2024-05-06,0.21,0.0,actual,0.21,62.761904761904766,,,,,,,
2024-05-07,14.65,,,,,0.2104395604395604,69.61618798955615,,,,,,,
2024-05-08,15.38,,,,,0.2108791208791208,72.93277748827518,,,,,,,
2024-05-09,15.29,,,,,0.2113186813186813,72.35517420696827,,,,,,,
2024-05-10,15.26,,,,,0.2117582417582417,72.06331084587444,,,,,,,
2024-05-13,15.42,,,,,0.213076923076923,72.36823104693144,,,,,,,
2024-05-14,15.35,,,,,0.2135164835164835,71.89140504374679,,,,,,,
2024-05-15,15.69,,,,,0.2139560439560439,73.33281972265024,,,,,,,
2024-05-16,15.49,,,,,0.2143956043956044,72.24961558175295,,,,,,,
2024-05-17,15.74,,,,,0.2148351648351648,73.26547314578006,,,,,,,
2024-05-20,16.1,,,,,0.2161538461538461,74.48398576512457,,,,,,,
2024-05-21,16.04,,,,,0.2165934065934066,74.05580923389142,,,,,,,
2024-05-22,16.2,,,,,0.217032967032967,74.64303797468355,,,,,,,
2024-05-23,15.83,,,,,0.2174725274725274,72.79080343607885,,,,,,,
2024-05-24,15.86,,,,,0.2179120879120879,72.78164397377711,,,,,,,
2024-05-28,15.57,,,,,0.2196703296703296,70.87893946973489,,,,,,,
2024-05-29,15.7,,,,,0.2201098901098901,71.32800798801797,,,,,,,
2024-05-30,15.64,,,,,0.2205494505494505,70.91380169407077,,,,,,,
2024-05-31,15.26,,,,,0.2209890109890109,69.05320735952266,,,,,,,
2024-06-03,15.11,,,,,0.2223076923076923,67.96885813148789,,,,,,,
2024-06-04,15.05,,,,,0.2227472527472527,67.56536753823386,,,,,,,
2024-06-05,15.57,,,,,0.2231868131868132,69.76218611521418,,,,,,,
2024-06-06,15.85,,,,,0.2236263736263736,70.87714987714988,,,,,,,
2024-06-07,15.27,,,,,0.224065934065934,68.14958312898482,,,,,,,
2024-06-10,14.95,,,,,0.2253846153846153,66.33105802047784,,,,,,,
2024-06-11,14.68,,,,,0.2258241758241758,65.00632603406326,,,,,,,
2024-06-12,14.13,,,,,0.2262637362637362,62.44924720738225,,,,,,,
2024-06-13,13.88,,,,,0.2267032967032967,61.22539990305381,,,,,,,
2024-06-14,13.77,,,,,0.2271428571428571,60.622641509433976,,,,,,,
2024-06-17,13.45,,,,,0.2284615384615384,58.87205387205388,,,,,,,
2024-06-18,13.23,,,,,0.2289010989010989,57.79788766202593,,,,,,,
2024-06-20,13.1,,,,,0.2297802197802197,57.01099952175994,,,,,,,
2024-06-21,13.08,,,,,0.2302197802197802,56.81527446300717,,,,,,,
2024-06-24,13.12,,,,,0.2315384615384615,56.66445182724253,,,,,,,
2024-06-25,12.97,,,,,0.2319780219780219,55.910468972051184,,,,,,,
2024-06-26,12.98,,,,,0.2324175824175824,55.84775413711585,,,,,,,
2024-06-27,13.03,,,,,0.2328571428571428,55.95705521472394,,,,,,,
2024-06-28,13.39,,,,,0.2332967032967033,57.39472444653792,,,,,,,
2024-07-01,13.61,,,,,0.2346153846153846,58.00983606557377,,,,,,,
2024-07-02,13.71,,,,,0.235054945054945,58.32678821879384,,,,,,,
2024-07-03,13.83,,,,,0.2354945054945054,58.7274848343444,,,,,,,
2024-07-05,13.54,,,,,0.2363736263736263,57.28219432821945,,,,,,,
2024-07-08,13.51,,,,,0.2376923076923077,56.838187702265365,,,,,,,
2024-07-09,13.47,,,,,0.2381318681318681,56.56529764651593,,,,,,,
2024-07-10,13.46,,,,,0.2385714285714285,56.41916167664673,,,,,,,
2024-07-11,13.5,,,,,0.239010989010989,56.48275862068966,,,,,,,
2024-07-12,13.52,,,,,0.2394505494505494,56.462597521799005,,,,,,,
2024-07-15,14.0,,,,,0.2407692307692307,58.14696485623005,,,,,,,
2024-07-16,14.04,,,,,0.2412087912087912,58.20683371298405,,,,,,,
2024-07-17,13.98,,,,,0.2416483516483516,57.85266030013644,,,,,,,
2024-07-18,13.87,,,,,0.242087912087912,57.29323649568772,,,,,,,
2024-07-19,13.84,,,,,0.2425274725274725,57.06570004531038,,,,,,,
2024-07-22,14.34,,,,,0.2438461538461538,58.80757097791799,,,,,,,
2024-07-23,14.55,,,,,0.2442857142857142,59.56140350877195,,,,,,,
2024-07-24,14.06,,,,,0.2447252747252747,57.45217781769197,,,,,,,
2024-07-25,14.15,,,,,0.2451648351648351,57.71627073061409,,,,,,,
2024-07-26,15.06,,,,,0.2456043956043956,61.318120805369134,,,,,,,
2024-07-29,14.84,,,,,0.2469230769230769,60.09968847352025,,,,,,,
2024-07-30,14.79,,,,,0.2473626373626373,59.79075966237229,,,,,,,
2024-07-31,14.74,,,,,0.2478021978021978,59.48292682926829,,,,,,,
2024-08-01,14.14,,,,,0.2482417582417582,56.96060203629926,,,,,,,
2024-08-02,13.35,,,,,0.2486813186813186,53.683163941670365,,,,,,,
2024-08-05,12.91,2024-08-05,0.25,0.0,actual,0.25,51.64,,,,,,,
2024-08-06,13.17,,,,,0.2498936170212766,52.702426564495525,,,,,,,
2024-08-07,13.4,,,,,0.2497872340425531,53.64565587734244,,,,,,,
2024-08-08,13.57,,,,,0.2496808510638297,54.34938219002984,,,,,,,
2024-08-09,13.66,,,,,0.2495744680851064,54.73316283034953,,,,,,,
2024-08-12,13.45,,,,,0.2492553191489361,53.96073410157919,,,,,,,
2024-08-13,13.86,,,,,0.2491489361702127,55.62937660119557,,,,,,,
2024-08-14,13.92,,,,,0.2490425531914893,55.894062366510056,,,,,,,
2024-08-15,13.84,,,,,0.2489361702127659,55.59658119658121,,,,,,,
2024-08-16,13.77,,,,,0.2488297872340425,55.33903377511758,,,,,,,
2024-08-19,13.73,,,,,0.2485106382978723,55.24914383561645,,,,,,,
2024-08-20,13.48,,,,,0.2484042553191489,54.266381156316925,,,,,,,
2024-08-21,13.61,,,,,0.2482978723404255,54.81319622964868,,,,,,,
2024-08-22,13.38,,,,,0.2481914893617021,53.90998714102015,,,,,,,
2024-08-23,13.88,,,,,0.2480851063829787,55.94854202401373,,,,,,,
2024-08-26,13.9,,,,,0.2477659574468085,56.10133104336626,,,,,,,
2024-08-27,13.94,,,,,0.2476595744680851,56.286941580756015,,,,,,,
2024-08-28,13.69,,,,,0.2475531914893617,55.30124623979373,,,,,,,
2024-08-29,13.84,,,,,0.2474468085106383,55.93121238177128,,,,,,,
2024-08-30,13.74,,,,,0.2473404255319149,55.55096774193548,,,,,,,
2024-09-03,13.25,,,,,0.2469148936170212,53.66221456268851,,,,,,,
2024-09-04,13.28,,,,,0.2468085106382978,53.80689655172415,,,,,,,
2024-09-05,13.29,,,,,0.2467021276595744,53.87063389391981,,,,,,,
2024-09-06,13.22,,,,,0.246595744680851,53.61000862812772,,,,,,,
2024-09-09,13.32,,,,,0.2462765957446808,54.0855291576674,,,,,,,
2024-09-10,13.43,,,,,0.2461702127659574,54.55574762316336,,,,,,,
2024-09-11,13.45,,,,,0.246063829787234,54.66061392131432,,,,,,,
2024-09-12,13.49,,,,,0.2459574468085106,54.8468858131488,,,,,,,
2024-09-13,13.58,,,,,0.2458510638297872,55.23669407183039,,,,,,,
2024-09-16,13.68,,,,,0.245531914893617,55.71577123050261,,,,,,,
2024-09-17,14.34,,,,,0.2454255319148936,58.42912873862159,,,,,,,
2024-09-18,14.56,,,,,0.2453191489361702,59.35125758889853,,,,,,,
2024-09-19,15.25,,,,,0.2452127659574468,62.19088937093276,,,,,,,
2024-09-20,15.21,,,,,0.2451063829787234,62.05468750000001,,,,,,,
2024-09-23,14.92,,,,,0.2447872340425531,60.95089091699264,,,,,,,
2024-09-24,15.07,,,,,0.2446808510638297,61.59043478260872,,,,,,,
2024-09-25,15.44,,,,,0.2445744680851063,63.13005654632451,,,,,,,
2024-09-26,15.12,,,,,0.2444680851063829,61.84856396866842,,,,,,,
2024-09-27,15.38,,,,,0.2443617021276595,62.93948628646062,,,,,,,
2024-09-30,15.71,,,,,0.2440425531914893,64.37401918047081,,,,,,,
2024-10-01,15.24,,,,,0.2439361702127659,62.47535979066726,,,,,,,
2024-10-02,14.22,,,,,0.2438297872340425,58.31937172774871,,,,,,,
2024-10-03,14.2,,,,,0.2437234042553191,58.26276735050197,,,,,,,
2024-10-04,14.43,,,,,0.2436170212765957,59.23231441048036,,,,,,,
2024-10-07,13.7,,,,,0.2432978723404255,56.30957586357675,,,,,,,
2024-10-08,13.71,,,,,0.2431914893617021,56.37532808398952,,,,,,,
2024-10-09,13.21,,,,,0.2430851063829787,54.343107221006576,,,,,,,
2024-10-10,13.08,,,,,0.2429787234042553,53.83187390542908,,,,,,,
2024-10-11,13.16,,,,,0.2428723404255319,54.184844502847135,,,,,,,
2024-10-14,13.2,,,,,0.2425531914893617,54.42105263157895,,,,,,,
2024-10-15,13.46,,,,,0.2424468085106383,55.51733216322949,,,,,,,
2024-10-16,13.31,,,,,0.2423404255319149,54.922739244951714,,,,,,,
2024-10-17,13.24,,,,,0.2422340425531914,54.65788317962233,,,,,,,
2024-10-18,13.67,,,,,0.242127659574468,56.4578207381371,,,,,,,
2024-10-21,13.53,,,,,0.2418085106382978,55.95336559612848,,,,,,,
2024-10-22,13.32,,,,,0.2417021276595744,55.10915492957748,,,,,,,
2024-10-23,12.82,,,,,0.241595744680851,53.06384852487893,,,,,,,
2024-10-24,12.77,,,,,0.2414893617021276,52.88017621145376,,,,,,,
2024-10-25,12.7,,,,,0.2413829787234042,52.61348611723227,,,,,,,
2024-10-28,12.93,,,,,0.241063829787234,53.63724624889674,,,,,,,
2024-10-29,13.15,,,,,0.2409574468085106,54.5739514348786,,,,,,,
2024-10-30,13.29,,,,,0.2408510638297872,55.17932862190813,,,,,,,
2024-10-31,13.11,,,,,0.2407446808510638,54.45603181617323,,,,,,,
2024-11-01,13.15,,,,,0.2406382978723404,54.64633068081345,,,,,,,
2024-11-04,13.08,,,,,0.2403191489361702,54.42762284196547,,,,,,,
2024-11-05,13.29,,,,,0.2402127659574468,55.325952170062,,,,,,,
2024-11-06,13.8,,,,,0.2401063829787234,57.47452370403191,,,,,,,
2024-11-07,14.28,2024-11-07,0.24,0.0,actual,0.24,59.5,,,,,,,
2024-11-08,13.26,,,,,0.2399129310344827,55.27005127578613,,,,,,,
2024-11-11,14.04,,,,,0.239651724137931,58.58501561173542,,,,,,,
2024-11-12,13.99,,,,,0.2395646551724138,58.39759621439752,,,,,,,
2024-11-13,13.9,,,,,0.2394775862068965,58.043010288199184,,,,,,,
2024-11-14,13.27,,,,,0.2393905172413793,55.43243798007152,,,,,,,
2024-11-15,13.37,,,,,0.239303448275862,55.87048618115797,,,,,,,
2024-11-18,13.68,,,,,0.2390422413793103,57.228379055786576,,,,,,,
2024-11-19,14.11,,,,,0.2389551724137931,59.04873226835216,,,,,,,
2024-11-20,14.27,,,,,0.2388681034482758,59.74008163500996,,,,,,,
2024-11-21,14.76,,,,,0.2387810344827586,61.81395449589511,,,,,,,
2024-11-22,14.17,,,,,0.2386939655172413,59.364718204308666,,,,,,,
2024-11-25,13.9,,,,,0.2384327586206896,58.29735846873623,,,,,,,
2024-11-26,13.84,,,,,0.2383456896551724,58.06691960749564,,,,,,,
2024-11-27,13.42,,,,,0.2382586206896551,56.32534915695784,,,,,,,
2024-11-29,13.6,,,,,0.2380844827586206,57.12258036483719,,,,,,,
2024-12-02,13.7,,,,,0.2378232758620689,57.60579972813776,,,,,,,
2024-12-03,13.77,,,,,0.2377362068965517,57.9213413882382,,,,,,,
2024-12-04,14.18,,,,,0.2376491379310344,59.667794814871264,,,,,,,
2024-12-05,14.08,,,,,0.2375620689655172,59.26872106019481,,,,,,,
2024-12-06,14.13,,,,,0.237475,59.50100010527424,,,,,,,
2024-12-09,13.69,,,,,0.2372137931034482,57.71165251773464,,,,,,,
2024-12-10,13.97,,,,,0.237126724137931,58.9136464933998,,,,,,,
2024-12-11,14.17,,,,,0.2370396551724138,59.7790272251842,,,,,,,
2024-12-12,13.83,,,,,0.2369525862068965,58.36610699798084,,,,,,,
2024-12-13,13.3,,,,,0.2368655172413793,56.15000509528178,,,,,,,
2024-12-16,13.41,,,,,0.2366043103448275,56.67690491545249,,,,,,,
2024-12-17,13.18,,,,,0.2365172413793103,55.7253243913107,,,,,,,
2024-12-18,12.38,,,,,0.2364301724137931,52.362183191800455,,,,,,,
2024-12-19,12.36,,,,,0.2363431034482758,52.29685072111703,,,,,,,
2024-12-20,12.2,,,,,0.2362560344827586,51.63889263912253,,,,,,,
2024-12-23,12.48,,,,,0.2359948275862068,52.88251495868556,,,,,,,
2024-12-24,12.32,,,,,0.2359077586206896,52.22380167584497,,,,,,,
2024-12-26,12.33,,,,,0.2357336206896551,52.30480049442132,,,,,,,
2024-12-27,11.97,,,,,0.2356465517241379,50.79641485275289,,,,,,,
2024-12-30,11.84,,,,,0.2353853448275862,50.30049771651035,,,,,,,
2024-12-31,11.88,,,,,0.2352982758620689,50.48910773559607,,,,,,,
2025-01-02,11.73,,,,,0.2351241379310344,49.888540169536284,,,,,,,
2025-01-03,11.81,,,,,0.2350370689655172,50.24739311113802,,,,,,,
2025-01-06,11.82,,,,,0.2347758620689655,50.34589116545495,,,,,,,
2025-01-07,11.83,,,,,0.2346887931034482,50.40717898611148,,,,,,,
2025-01-08,11.77,,,,,0.234601724137931,50.17013427011296,43.21341458839986,56.43849120739192,75.0087299834597,10.137941568325827,13.240567344997604,17.597177379516168,-0.11106528192337597
2025-01-10,11.5,,,,,0.2344275862068965,49.05566015533068,43.21341458839986,56.43849120739192,75.0087299834597,10.130416473716465,13.230739262908038,17.58411551446732,-0.1308119847664228
2025-01-13,12.66,,,,,0.2341663793103448,54.0641232839898,43.21341458839986,56.43849120739192,75.0087299834597,10.11912883180243,13.215997139773696,17.564522716894057,-0.04207001060104776
2025-01-14,13.33,,,,,0.2340793103448275,56.94651090847489,43.21341458839986,56.43849120739192,75.0087299834597,10.115366284497746,13.211083098728912,17.557991784369634,0.009001298408495355
2025-01-15,14.75,,,,,0.2339922413793103,63.03627809645915,43.21341458839986,56.43849120739192,75.0087299834597,10.111603737193068,13.206169057684132,17.551460851845214,0.1169022549667858
2025-01-16,15.15,,,,,0.2339051724137931,64.76983746729076,43.21341458839986,56.43849120739192,75.0087299834597,10.10784118988839,13.201255016639353,17.544929919320793,0.14761816061460648
2025-01-17,15.66,,,,,0.2338181034482758,66.97513908910922,43.21341458839986,56.43849120739192,75.0087299834597,10.104078642583708,13.196340975594568,17.538398986796366,0.18669258614654966
2025-01-21,16.46,,,,,0.2334698275862068,70.5016154343211,43.21341458839986,56.43849120739192,75.0087299834597,10.089028453364989,13.17668481141544,17.512275256698675,0.2491761194545768
2025-01-22,15.74,,,,,0.2333827586206896,67.44285693178294,43.21341458839986,56.43849120739192,75.0087299834597,10.085265906060311,13.171770770370662,17.50574432417426,0.1949797999374891
2025-01-23,16.2,,,,,0.2332956896551724,69.43977415075585,43.21341458839986,56.43849120739192,75.0087299834597,10.081503358755633,13.16685672932588,17.49921339164984,0.23036198638954963
2025-01-24,16.42,,,,,0.2332086206896551,70.40906100058409,43.21341458839986,56.43849120739192,75.0087299834597,10.07774081145095,13.161942688281096,17.49268245912541,0.24753620258654968
2025-01-27,16.37,,,,,0.2329474137931034,70.27337085845187,43.21341458839986,56.43849120739192,75.0087299834597,10.066453169536913,13.147200565146754,17.473089661552148,0.2451319898014557
2025-01-28,17.49,,,,,0.2328603448275862,75.10939663406363,43.21341458839986,56.43849120739192,75.0087299834597,10.062690622232234,13.142286524101973,17.466558729027728,0.33081864924529253
2025-01-29,17.5,,,,,0.2327732758620689,75.1804516011955,43.21341458839986,56.43849120739192,75.0087299834597,10.058928074927552,13.137372483057188,17.460027796503304,0.3320776298737926
2025-01-30,17.37,,,,,0.2326862068965517,74.64989107722404,43.21341458839986,56.43849120739192,75.0087299834597,10.055165527622874,13.13245844201241,17.453496863978884,0.3226769440542187
2025-01-31,17.44,,,,,0.2325991379310344,74.97878175787116,43.21341458839986,56.43849120739192,75.0087299834597,10.051402980318192,13.127544400967626,17.446965931454457,0.32850436207357303
2025-02-03,17.38,,,,,0.2323379310344827,74.80483243788775,43.21341458839986,56.43849120739192,75.0087299834597,10.040115338404155,13.112802277833282,17.427373133881193,0.3254222577107153
2025-02-04,17.48,,,,,0.2322508620689655,75.26344507091396,43.21341458839986,56.43849120739192,75.0087299834597,10.036352791099477,13.107888236788503,17.420842201356777,0.33354814171673824
2025-02-05,17.42,,,,,0.2321637931034482,75.03323307712304,43.21341458839986,56.43849120739192,75.0087299834597,10.032590243794795,13.102974195743718,17.41431126883235,0.3294691525576382
2025-02-06,17.92,,,,,0.232076724137931,77.21584345248489,43.21341458839986,56.43849120739192,75.0087299834597,10.028827696490117,13.09806015469894,17.407780336307933,0.3681415254129205
2025-02-07,18.0,,,,,0.2319896551724138,77.58966660225634,43.21341458839986,56.43849120739192,75.0087299834597,10.025065149185439,13.093146113654159,17.401249403783513,0.3747650750822019
2025-02-10,18.37,,,,,0.231728448275862,79.27382303156566,43.21341458839986,56.43849120739192,75.0087299834597,10.013777507271397,13.078403990519812,17.381656606210242,0.4046056394431558
2025-02-11,18.07,,,,,0.2316413793103448,78.00851494581399,43.21341458839986,56.43849120739192,75.0087299834597,10.01001495996672,13.073489949475032,17.375125673685822,0.3821863993344488
2025-02-12,17.67,,,,,0.2315543103448275,76.3103911721016,43.21341458839986,56.43849120739192,75.0087299834597,10.006252412662038,13.068575908430248,17.368594741161395,0.3520983559196743
2025-02-13,17.78,,,,,0.2314672413793103,76.81432540539737,43.21341458839986,56.43849120739192,75.0087299834597,10.002489865357358,13.063661867385468,17.362063808636975,0.36102726635854443
2025-02-14,17.82,,,,,0.2313801724137931,77.01610649736774,43.21341458839986,56.43849120739192,75.0087299834597,9.998727318052682,13.058747826340689,17.35553287611256,0.3646025053072417
2025-02-18,17.71,,,,,0.2310318965517241,76.65608197106685,43.21341458839986,56.43849120739192,75.0087299834597,9.98367712883396,13.03909166216156,17.329409146014868,0.3582234452261009
2025-02-19,17.46,,,,,0.2309448275862068,75.60247260130801,43.21341458839986,56.43849120739192,75.0087299834597,9.979914581529279,13.034177621116775,17.32287821349044,0.3395551685372858
2025-02-20,16.91,,,,,0.2308577586206896,73.24856700087756,43.21341458839986,56.43849120739192,75.0087299834597,9.9761520342246,13.029263580071996,17.316347280966024,0.29784771764564766
2025-02-21,16.09,,,,,0.2307706896551724,69.72289255642637,43.21341458839986,56.43849120739192,75.0087299834597,9.972389486919923,13.024349539027217,17.309816348441604,0.23537839273943162
2025-02-24,15.84,,,,,0.2305094827586206,68.7173465075489,43.21341458839986,56.43849120739192,75.0087299834597,9.961101845005881,13.009607415892868,17.290223550868333,0.2175617213974845
2025-02-25,15.04,,,,,0.2304224137931034,65.2714280369636,43.21341458839986,56.43849120739192,75.0087299834597,9.957339297701203,13.00469337484809,17.283692618343913,0.15650554507408246
2025-02-26,15.09,,,,,0.2303353448275862,65.51317606637998,43.21341458839986,56.43849120739192,75.0087299834597,9.953576750396525,12.999779333803309,17.277161685819493,0.1607889343753315
2025-02-27,11.88,,,,,0.2302482758620689,51.59647756544661,43.21341458839986,56.43849120739192,75.0087299834597,9.949814203091842,12.994865292758524,17.270630753295066,-0.085792754879867
2025-02-28,11.0,,,,,0.2301612068965517,47.792589152280826,43.21341458839986,56.43849120739192,75.0087299834597,9.946051655787166,12.989951251713746,17.26409982077065,-0.1531915873395764
2025-03-03,11.14,2025-03-03,0.2299,0.0,actual,0.2299,48.45585036972597,43.21341458839986,56.43849120739192,75.0087299834597,9.934764013873126,12.975209128579403,17.244507023197386,-0.1414396569945945
2025-03-04,11.05,,,,,0.2294015873015873,48.16880358143687,43.21341458839986,56.43849120739192,75.0087299834597,9.913225899300496,12.947079467882384,17.20712171968182,-0.14652566801558903
2025-03-05,10.74,,,,,0.2289031746031746,46.91940170169684,43.21341458839986,56.43849120739192,75.0087299834597,9.891687784727866,12.918949807185367,17.169736416166256,-0.16866307553679485
2025-03-06,10.32,,,,,0.2284047619047619,45.18294589805067,43.21341458839986,56.43849120739192,75.0087299834597,9.870149670155234,12.890820146488348,17.13235111265069,-0.19943030135198014
2025-03-07,10.16,,,,,0.2279063492063492,44.57971458619177,43.21341458839986,56.43849120739192,75.0087299834597,9.848611555582602,12.862690485791331,17.09496580913512,-0.2101185975653256
2025-03-10,9.7,,,,,0.2264111111111111,42.84242037591402,43.21341458839986,56.43849120739192,75.0087299834597,9.783997211864708,12.778301503700279,16.982809898588425,-0.24090067860809825
2025-03-11,9.6,,,,,0.2259126984126984,42.49429123484982,43.21341458839986,56.43849120739192,75.0087299834597,9.762459097292078,12.750171843003262,16.945424595072858,-0.24706897144542714
2025-03-12,9.95,,,,,0.2254142857142857,44.14094682806261,43.21341458839986,56.43849120739192,75.0087299834597,9.740920982719448,12.722042182306243,16.908039291557294,-0.2178928620565012
2025-03-13,9.27,,,,,0.224915873015873,41.21541034743149,43.21341458839986,56.43849120739192,75.0087299834597,9.719382868146816,12.693912521609226,16.870653988041727,-0.2697286999402744
2025-03-14,9.7,,,,,0.2244174603174603,43.2230183261071,43.21341458839986,56.43849120739192,75.0087299834597,9.697844753574184,12.665782860912207,16.83326868452616,-0.2341570902865303
2025-03-17,9.91,,,,,0.2229222222222222,44.45496685440862,43.21341458839986,56.43849120739192,75.0087299834597,9.63323040985629,12.581393878821155,16.721112773979463,-0.21232892830086467
2025-03-18,9.64,,,,,0.2224238095238095,43.340683808259655,43.21341458839986,56.43849120739192,75.0087299834597,9.61169229528366,12.553264218124138,16.6837274704639,-0.23207224571263527
2025-03-19,9.91,,,,,0.2219253968253968,44.6546458483832,43.21341458839986,56.43849120739192,75.0087299834597,9.59015418071103,12.525134557427121,16.646342166948333,-0.20879093517413794
2025-03-20,10.13,,,,,0.2214269841269841,45.7487150445523,43.21341458839986,56.43849120739192,75.0087299834597,9.568616066138398,12.497004896730102,16.60895686343277,-0.1894057749268738
2025-03-21,9.95,,,,,0.2209285714285714,45.03718073068219,43.21341458839986,56.43849120739192,75.0087299834597,9.547077951565766,12.468875236033083,16.571571559917203,-0.20201302750659753
2025-03-24,10.43,,,,,0.2194333333333333,47.53152058332068,43.21341458839986,56.43849120739192,75.0087299834597,9.482463607847874,12.384486253942033,16.459415649370506,-0.15781730576994357
2025-03-25,9.93,,,,,0.2189349206349206,45.35594400017401,43.21341458839986,56.43849120739192,75.0087299834597,9.460925493275242,12.356356593245014,16.42203034585494,-0.19636505105165525
2025-03-26,9.86,,,,,0.2184365079365079,45.13897467572576,43.21341458839986,56.43849120739192,75.0087299834597,9.439387378702612,12.328226932547997,16.384645042339372,-0.20020940124257305
2025-03-27,9.85,,,,,0.2179380952380952,45.19632049293159,43.21341458839986,56.43849120739192,75.0087299834597,9.41784926412998,12.30009727185098,16.34725973882381,-0.19919332487378594
2025-03-28,9.57,,,,,0.2174396825396825,44.01220553775177,43.21341458839986,56.43849120739192,75.0087299834597,9.396311149557349,12.271967611153961,16.30987443530824,-0.22017395227625514
2025-03-31,9.33,,,,,0.2159444444444444,43.20555698482121,43.21341458839986,56.43849120739192,75.0087299834597,9.331696805839456,12.187578629062909,16.197718524761545,-0.23446647738941603
2025-04-01,9.56,,,,,0.2154460317460317,44.373061422961605,43.21341458839986,56.43849120739192,75.0087299834597,9.310158691266825,12.15944896836589,16.160333221245978,-0.21378016184192514
2025-04-02,9.45,,,,,0.214947619047619,43.96419947273976,43.21341458839986,56.43849120739192,75.0087299834597,9.288620576694194,12.131319307668873,16.122947917730414,-0.22102454314048633
2025-04-03,8.9,,,,,0.2144492063492063,41.50166909691126,43.21341458839986,56.43849120739192,75.0087299834597,9.267082462121563,12.103189646971856,16.085562614214847,-0.2646566517094338
2025-04-04,8.5,,,,,0.2139507936507936,39.72876124906336,43.21341458839986,56.43849120739192,75.0087299834597,9.245544347548933,12.07505998627484,16.048177310699284,-0.2960697495779271
2025-04-07,8.43,,,,,0.2124555555555555,39.67888708749543,43.21341458839986,56.43849120739192,75.0087299834597,9.180930003831039,11.990671004183785,15.936021400152585,-0.2969534401320323
2025-04-08,8.29,,,,,0.2119571428571428,39.111680258812434,43.21341458839986,56.43849120739192,75.0087299834597,9.159391889258407,11.962541343486766,15.898636096637018,-0.30700343999114804
2025-04-09,9.14,,,,,0.2114587301587301,43.223564206306925,43.21341458839986,56.43849120739192,75.0087299834597,9.137853774685777,11.934411682789749,15.861250793121453,-0.23414741816050172
2025-04-10,8.75,,,,,0.2109603174603174,41.4769948459426,43.21341458839986,56.43849120739192,75.0087299834597,9.116315660113145,11.906282022092732,15.823865489605888,-0.2650938400615814
2025-04-11,8.84,,,,,0.2104619047619047,42.00285087223116,43.21341458839986,56.43849120739192,75.0087299834597,9.094777545540515,11.878152361395715,15.786480186090323,-0.25577651043354055
2025-04-14,8.83,,,,,0.2089666666666666,42.25554314882758,43.21341458839986,56.43849120739192,75.0087299834597,9.03016320182262,11.79376337930466,15.674324275543624,-0.25129920653702303
2025-04-15,8.96,,,,,0.2084682539682539,42.98016522632963,43.21341458839986,56.43849120739192,75.0087299834597,9.00862508724999,11.765633718607644,15.636938972028059,-0.23846005967111344
2025-04-16,8.89,,,,,0.2079698412698412,42.74658260889478,43.21341458839986,56.43849120739192,75.0087299834597,8.987086972677359,11.737504057910625,15.599553668512492,-0.24259877090236376
2025-04-17,8.97,,,,,0.2074714285714285,43.23486882875441,43.21341458839986,56.43849120739192,75.0087299834597,8.965548858104727,11.709374397213608,15.562168364996927,-0.23394711829057885
2025-04-21,8.98,,,,,0.2054777777777778,43.70302276537068,43.21341458839986,56.43849120739192,75.0087299834597,8.879396399814206,11.596855754425542,15.41262715093467,-0.22565217761089323
2025-04-22,9.25,,,,,0.2049793650793651,45.12649356884549,43.21341458839986,56.43849120739192,75.0087299834597,8.857858285241576,11.568726093728525,15.375241847419105,-0.20043054653921838
2025-04-23,9.68,,,,,0.2044809523809523,47.33937262755876,43.21341458839986,56.43849120739192,75.0087299834597,8.836320170668941,11.540596433031501,15.337856543903532,-0.16122186091752602
2025-04-24,10.21,,,,,0.2039825396825396,50.053303659665886,43.21341458839986,56.43849120739192,75.0087299834597,8.814782056096309,11.512466772334484,15.300471240387967,-0.11313533390293301
2025-04-25,10.33,,,,,0.203484126984127,50.7656304848083,43.21341458839986,56.43849120739192,75.0087299834597,8.793243941523682,11.484337111637473,15.263085936872407,-0.10051403928814866
2025-04-28,10.2,,,,,0.2019888888888888,50.49782716321032,43.21341458839986,56.43849120739192,75.0087299834597,8.728629597805785,11.399948129546415,15.150930026325703,-0.10525908678798167
2025-04-29,10.32,,,,,0.2014904761904762,51.21830170396805,43.21341458839986,56.43849120739192,75.0087299834597,8.707091483233159,11.371818468849401,15.113544722810145,-0.09249342765456788
2025-04-30,10.28,,,,,0.2009920634920635,51.146298124383016,43.21341458839986,56.43849120739192,75.0087299834597,8.685553368660527,11.343688808152384,15.07615941929458,-0.093769216181948
2025-05-01,10.38,,,,,0.2004936507936508,51.77221302974405,43.21341458839986,56.43849120739192,75.0087299834597,8.664015254087897,11.315559147455367,15.038774115779015,-0.08267900289008293
2025-05-02,10.4,,,,,0.1999952380952381,52.00123812471726,43.21341458839986,56.43849120739192,75.0087299834597,8.642477139515265,11.287429486758349,15.001388812263446,-0.07862104368398676
2025-05-05,10.39,2025-05-05,0.1985,0.0,actual,0.1985,52.34256926952141,43.21341458839986,56.43849120739192,75.0087299834597,8.577862795797373,11.203040504667296,14.88923290171675,-0.07257320049218557
2025-05-06,10.15,,,,,,,43.21341458839986,56.43849120739192,75.0087299834597,,,,
2025-05-07,10.22,,,,,,,43.21341458839986,56.43849120739192,75.0087299834597,,,,
2025-05-08,10.0,,,,,,,43.21341458839986,56.43849120739192,75.0087299834597,,,,
2025-05-09,10.38,,,,,,,43.21341458839986,56.43849120739192,75.0087299834597,,,,
2025-05-12,10.73,,,,,,,43.21341458839986,56.43849120739192,75.0087299834597,,,,
2025-05-13,10.84,,,,,,,43.21341458839986,56.43849120739192,75.0087299834597,,,,
2025-05-14,10.97,,,,,,,43.21341458839986,56.43849120739192,75.0087299834597,,,,
2025-05-15,10.85,,,,,,,43.21341458839986,56.43849120739192,75.0087299834597,,,,
2025-05-16,10.78,,,,,,,43.21341458839986,56.43849120739192,75.0087299834597,,,,
2025-05-19,10.7,,,,,,,43.21341458839986,56.43849120739192,75.0087299834597,,,,
2025-05-20,10.86,,,,,,,43.21341458839986,56.43849120739192,75.0087299834597,,,,
2025-05-21,9.72,,,,,,,43.21341458839986,56.43849120739192,75.0087299834597,,,,
2025-05-22,9.84,,,,,,,43.21341458839986,56.43849120739192,75.0087299834597,,,,
2025-05-23,9.63,,,,,,,43.21341458839986,56.43849120739192,75.0087299834597,,,,
2025-05-27,10.06,,,,,,,43.21341458839986,56.43849120739192,75.0087299834597,,,,
2025-05-28,9.87,,,,,,,43.21341458839986,56.43849120739192,75.0087299834597,,,,
2025-05-29,9.88,,,,,,,43.21341458839986,56.43849120739192,75.0087299834597,,,,
2025-05-30,9.84,,,,,,,43.21341458839986,56.43849120739192,75.0087299834597,,,,
2025-06-02,9.76,,,,,,,43.21341458839986,56.43849120739192,75.0087299834597,,,,
2025-06-03,10.02,,,,,,,43.21341458839986,56.43849120739192,75.0087299834597,,,,
2025-06-04,10.22,,,,,,,43.21341458839986,56.43849120739192,75.0087299834597,,,,
2025-06-05,10.11,,,,,,,43.21341458839986,56.43849120739192,75.0087299834597,,,,
2025-06-06,10.34,,,,,,,43.21341458839986,56.43849120739192,75.0087299834597,,,,
2025-06-09,10.05,,,,,,,43.21341458839986,56.43849120739192,75.0087299834597,,,,
2025-06-10,10.19,,,,,,,43.21341458839986,56.43849120739192,75.0087299834597,,,,
2025-06-11,9.65,,,,,,,43.21341458839986,56.43849120739192,75.0087299834597,,,,
2025-06-12,9.44,,,,,,,43.21341458839986,56.43849120739192,75.0087299834597,,,,
2025-06-13,8.98,,,,,,,43.21341458839986,56.43849120739192,75.0087299834597,,,,
2025-06-16,9.17,,,,,,,43.21341458839986,56.43849120739192,75.0087299834597,,,,
2025-06-17,9.18,,,,,,,43.21341458839986,56.43849120739192,75.0087299834597,,,,
2025-06-18,8.97,,,,,,,43.21341458839986,56.43849120739192,75.0087299834597,,,,
2025-06-20,8.87,,,,,,,43.21341458839986,56.43849120739192,75.0087299834597,,,,
2025-06-23,9.03,,,,,,,43.21341458839986,56.43849120739192,75.0087299834597,,,,
2025-06-24,9.04,,,,,,,43.21341458839986,56.43849120739192,75.0087299834597,,,,
2025-06-25,8.83,,,,,,,43.21341458839986,56.43849120739192,75.0087299834597,,,,
2025-06-26,9.08,,,,,,,43.21341458839986,56.43849120739192,75.0087299834597,,,,
2025-06-27,8.92,,,,,,,43.21341458839986,56.43849120739192,75.0087299834597,,,,
2025-06-30,9.05,,,,,,,43.21341458839986,56.43849120739192,75.0087299834597,,,,
2025-07-01,9.05,,,,,,,43.21341458839986,56.43849120739192,75.0087299834597,,,,
2025-07-02,9.1,,,,,,,43.21341458839986,56.43849120739192,75.0087299834597,,,,
2025-07-03,9.15,,,,,,,43.21341458839986,56.43849120739192,75.0087299834597,,,,
2025-07-07,9.04,,,,,,,43.21341458839986,56.43849120739192,75.0087299834597,,,,
2025-07-08,8.98,,,,,,,43.21341458839986,56.43849120739192,75.0087299834597,,,,
2025-07-09,9.05,,,,,,,43.21341458839986,56.43849120739192,75.0087299834597,,,,
2025-07-10,8.97,,,,,,,43.21341458839986,56.43849120739192,75.0087299834597,,,,
2025-07-11,8.55,,,,,,,43.21341458839986,56.43849120739192,75.0087299834597,,,,
2025-07-14,8.72,,,,,,,43.21341458839986,56.43849120739192,75.0087299834597,,,,
2025-07-15,8.68,,,,,,,43.21341458839986,56.43849120739192,75.0087299834597,,,,
2025-07-16,8.79,,,,,,,43.21341458839986,56.43849120739192,75.0087299834597,,,,
2025-07-17,9.06,,,,,,,43.21341458839986,56.43849120739192,75.0087299834597,,,,
2025-07-18,8.91,,,,,,,43.21341458839986,56.43849120739192,75.0087299834597,,,,
2025-07-21,9.06,,,,,,,43.21341458839986,56.43849120739192,75.0087299834597,,,,
2025-07-22,9.8,,,,,,,43.21341458839986,56.43849120739192,75.0087299834597,,,,
2025-07-23,10.0,,,,,,,43.21341458839986,56.43849120739192,75.0087299834597,,,,
2025-07-24,9.58,,,,,,,43.21341458839986,56.43849120739192,75.0087299834597,,,,
2025-07-25,9.74,,,,,,,43.21341458839986,56.43849120739192,75.0087299834597,,,,
2025-07-28,9.91,,,,,,,43.21341458839986,56.43849120739192,75.0087299834597,,,,
2025-07-29,9.61,,,,,,,43.21341458839986,56.43849120739192,75.0087299834597,,,,
2025-07-30,9.42,,,,,,,43.21341458839986,56.43849120739192,75.0087299834597,,,,
2025-07-31,8.96,,,,,,,43.21341458839986,56.43849120739192,75.0087299834597,,,,
2025-08-01,8.49,,,,,,,43.21341458839986,56.43849120739192,75.0087299834597,,,,
2025-08-04,9.21,,,,,,,43.21341458839986,56.43849120739192,75.0087299834597,,,,
2025-08-05,7.3,,,,,,,43.21341458839986,56.43849120739192,75.0087299834597,,,,
2025-08-06,7.6,,,,,,,43.21341458839986,56.43849120739192,75.0087299834597,,,,
2025-08-07,7.48,,,,,,,43.21341458839986,56.43849120739192,75.0087299834597,,,,
2025-08-08,7.12,,,,,,,43.21341458839986,56.43849120739192,75.0087299834597,,,,
2025-08-11,7.12,,,,,,,43.21341458839986,56.43849120739192,75.0087299834597,,,,
2025-08-12,7.42,,,,,,,43.21341458839986,56.43849120739192,75.0087299834597,,,,
2025-08-13,7.67,,,,,,,43.21341458839986,56.43849120739192,75.0087299834597,,,,
2025-08-14,7.42,,,,,,,43.21341458839986,56.43849120739192,75.0087299834597,,,,
2025-08-15,7.53,,,,,,,43.21341458839986,56.43849120739192,75.0087299834597,,,,
2025-08-18,7.74,,,,,,,43.21341458839986,56.43849120739192,75.0087299834597,,,,
2025-08-19,7.73,,,,,,,43.21341458839986,56.43849120739192,75.0087299834597,,,,
2025-08-20,7.59,,,,,,,43.21341458839986,56.43849120739192,75.0087299834597,,,,
2025-08-21,7.72,,,,,,,43.21341458839986,56.43849120739192,75.0087299834597,,,,
2025-08-22,7.91,,,,,,,43.21341458839986,56.43849120739192,75.0087299834597,,,,
2025-08-25,7.7,,,,,,,43.21341458839986,56.43849120739192,75.0087299834597,,,,
2025-08-26,7.68,,,,,,,43.21341458839986,56.43849120739192,75.0087299834597,,,,
2025-08-27,7.86,,,,,,,43.21341458839986,56.43849120739192,75.0087299834597,,,,
2025-08-28,7.88,,,,,,,43.21341458839986,56.43849120739192,75.0087299834597,,,,
2025-08-29,7.9,,,,,,,43.21341458839986,56.43849120739192,75.0087299834597,,,,
2025-09-02,7.68,,,,,,,43.21341458839986,56.43849120739192,75.0087299834597,,,,
2025-09-03,7.71,,,,,,,43.21341458839986,56.43849120739192,75.0087299834597,,,,
2025-09-04,7.68,,,,,,,43.21341458839986,56.43849120739192,75.0087299834597,,,,
2025-09-05,7.72,,,,,,,43.21341458839986,56.43849120739192,75.0087299834597,,,,
2025-09-08,7.78,,,,,,,43.21341458839986,56.43849120739192,75.0087299834597,,,,
2025-09-09,7.73,,,,,,,43.21341458839986,56.43849120739192,75.0087299834597,,,,
2025-09-10,7.37,,,,,,,43.21341458839986,56.43849120739192,75.0087299834597,,,,
2025-09-11,7.6,,,,,,,43.21341458839986,56.43849120739192,75.0087299834597,,,,
2025-09-12,7.41,,,,,,,43.21341458839986,56.43849120739192,75.0087299834597,,,,
2025-09-15,7.44,,,,,,,43.21341458839986,56.43849120739192,75.0087299834597,,,,
2025-09-16,7.41,,,,,,,43.21341458839986,56.43849120739192,75.0087299834597,,,,
2025-09-17,7.37,,,,,,,43.21341458839986,56.43849120739192,75.0087299834597,,,,
2025-09-18,7.53,,,,,,,43.21341458839986,56.43849120739192,75.0087299834597,,,,
2025-09-19,7.32,,,,,,,43.21341458839986,56.43849120739192,75.0087299834597,,,,
2025-09-22,7.51,,,,,,,43.21341458839986,56.43849120739192,75.0087299834597,,,,
2025-09-23,7.36,,,,,,,43.21341458839986,56.43849120739192,75.0087299834597,,,,
2025-09-24,7.57,,,,,,,43.21341458839986,56.43849120739192,75.0087299834597,,,,
2025-09-25,7.45,,,,,,,43.21341458839986,56.43849120739192,75.0087299834597,,,,
2025-09-26,7.41,,,,,,,43.21341458839986,56.43849120739192,75.0087299834597,,,,
2025-09-29,7.28,,,,,,,43.21341458839986,56.43849120739192,75.0087299834597,,,,
2025-09-30,7.08,,,,,,,43.21341458839986,56.43849120739192,75.0087299834597,,,,
2025-10-01,7.15,,,,,,,43.21341458839986,56.43849120739192,75.0087299834597,,,,
2025-10-02,7.24,,,,,,,43.21341458839986,56.43849120739192,75.0087299834597,,,,
2025-10-03,7.35,,,,,,,43.21341458839986,56.43849120739192,75.0087299834597,,,,
2025-10-06,7.43,,,,,,,43.21341458839986,56.43849120739192,75.0087299834597,,,,
2025-10-07,7.25,,,,,,,43.21341458839986,56.43849120739192,75.0087299834597,,,,
2025-10-08,7.35,,,,,,,43.21341458839986,56.43849120739192,75.0087299834597,,,,
2025-10-09,7.41,,,,,,,43.21341458839986,56.43849120739192,75.0087299834597,,,,
2025-10-10,7.06,,,,,,,43.21341458839986,56.43849120739192,75.0087299834597,,,,
2025-10-13,7.1,,,,,,,43.21341458839986,56.43849120739192,75.0087299834597,,,,
2025-10-14,7.18,,,,,,,43.21341458839986,56.43849120739192,75.0087299834597,,,,
2025-10-15,7.31,,,,,,,43.21341458839986,56.43849120739192,75.0087299834597,,,,
2025-10-16,7.33,,,,,,,43.21341458839986,56.43849120739192,75.0087299834597,,,,
2025-10-17,7.18,,,,,,,43.21341458839986,56.43849120739192,75.0087299834597,,,,
2025-10-20,7.38,,,,,,,43.21341458839986,56.43849120739192,75.0087299834597,,,,
2025-10-21,7.59,,,,,,,43.21341458839986,56.43849120739192,75.0087299834597,,,,
2025-10-22,7.63,,,,,,,43.21341458839986,56.43849120739192,75.0087299834597,,,,
2025-10-23,7.65,,,,,,,43.21341458839986,56.43849120739192,75.0087299834597,,,,
2025-10-24,7.68,,,,,,,43.21341458839986,56.43849120739192,75.0087299834597,,,,
2025-10-27,7.78,,,,,,,43.21341458839986,56.43849120739192,75.0087299834597,,,,
2025-10-28,7.83,,,,,,,43.21341458839986,56.43849120739192,75.0087299834597,,,,
2025-10-29,7.32,,,,,,,43.21341458839986,56.43849120739192,75.0087299834597,,,,
2025-10-30,7.13,,,,,,,43.21341458839986,56.43849120739192,75.0087299834597,,,,
2025-10-31,7.26,,,,,,,43.21341458839986,56.43849120739192,75.0087299834597,,,,
2025-11-03,7.33,,,,,,,43.21341458839986,56.43849120739192,75.0087299834597,,,,
2025-11-04,7.08,,,,,,,43.21341458839986,56.43849120739192,75.0087299834597,,,,
2025-11-05,7.51,,,,,,,43.21341458839986,56.43849120739192,75.0087299834597,,,,
2025-11-06,7.19,,,,,,,43.21341458839986,56.43849120739192,75.0087299834597,,,,
2025-11-07,7.24,,,,,,,43.21341458839986,56.43849120739192,75.0087299834597,,,,
2025-11-10,7.35,,,,,,,43.21341458839986,56.43849120739192,75.0087299834597,,,,
2025-11-11,7.45,,,,,,,43.21341458839986,56.43849120739192,75.0087299834597,,,,
2025-11-12,7.55,,,,,,,43.21341458839986,56.43849120739192,75.0087299834597,,,,
2025-11-13,7.31,,,,,,,43.21341458839986,56.43849120739192,75.0087299834597,,,,
2025-11-14,7.06,,,,,,,43.21341458839986,56.43849120739192,75.0087299834597,,,,
2025-11-17,6.75,,,,,,,43.21341458839986,56.43849120739192,75.0087299834597,,,,
2025-11-18,6.76,,,,,,,43.21341458839986,56.43849120739192,75.0087299834597,,,,
2025-11-19,11.76,,,,,,,43.21341458839986,56.43849120739192,75.0087299834597,,,,
2025-11-20,11.77,,,,,,,43.21341458839986,56.43849120739192,75.0087299834597,,,,
2025-11-21,11.78,,,,,,,43.21341458839986,56.43849120739192,75.0087299834597,,,,
2025-11-24,11.79,,,,,,,43.21341458839986,56.43849120739192,75.0087299834597,,,,
2025-11-25,11.81,,,,,,,43.21341458839986,56.43849120739192,75.0087299834597,,,,
2025-11-26,11.82,,,,,,,43.21341458839986,56.43849120739192,75.0087299834597,,,,
2025-11-28,11.83,,,,,,,43.21341458839986,56.43849120739192,75.0087299834597,,,,
2025-12-01,11.83,,,,,,,43.21341458839986,56.43849120739192,75.0087299834597,,,,
2025-12-02,11.83,,,,,,,43.21341458839986,56.43849120739192,75.0087299834597,,,,
2025-12-03,11.84,,,,,,,43.21341458839986,56.43849120739192,75.0087299834597,,,,
2025-12-04,11.84,,,,,,,43.21341458839986,56.43849120739192,75.0087299834597,,,,
2025-12-05,11.84,,,,,,,43.21341458839986,56.43849120739192,75.0087299834597,,,,
2025-12-08,11.84,,,,,,,43.21341458839986,56.43849120739192,75.0087299834597,,,,
2025-12-09,11.84,,,,,,,43.21341458839986,56.43849120739192,75.0087299834597,,,,
2025-12-10,11.84,,,,,,,43.21341458839986,56.43849120739192,75.0087299834597,,,,
2025-12-11,11.85,,,,,,,43.21341458839986,56.43849120739192,75.0087299834597,,,,
2025-12-12,11.87,,,,,,,43.21341458839986,56.43849120739192,75.0087299834597,,,,
2025-12-15,11.86,,,,,,,43.21341458839986,56.43849120739192,75.0087299834597,,,,
2025-12-16,11.86,,,,,,,43.21341458839986,56.43849120739192,75.0087299834597,,,,
2025-12-17,11.86,,,,,,,43.21341458839986,56.43849120739192,75.0087299834597,,,,
2025-12-18,11.86,,,,,,,43.21341458839986,56.43849120739192,75.0087299834597,,,,
2025-12-19,11.87,,,,,,,43.21341458839986,56.43849120739192,75.0087299834597,,,,
2025-12-22,11.86,,,,,,,43.21341458839986,56.43849120739192,75.0087299834597,,,,
2025-12-23,11.86,,,,,,,43.21341458839986,56.43849120739192,75.0087299834597,,,,
2025-12-24,11.85,,,,,,,43.21341458839986,56.43849120739192,75.0087299834597,,,,
2025-12-26,11.86,,,,,,,43.21341458839986,56.43849120739192,75.0087299834597,,,,
2025-12-29,11.86,,,,,,,43.21341458839986,56.43849120739192,75.0087299834597,,,,
2025-12-30,11.87,,,,,,,43.21341458839986,56.43849120739192,75.0087299834597,,,,
2025-12-31,11.89,,,,,,,43.21341458839986,56.43849120739192,75.0087299834597,,,,
2026-01-02,11.89,,,,,,,43.21341458839986,56.43849120739192,75.0087299834597,,,,
2026-01-05,11.9,,,,,,,43.21341458839986,56.43849120739192,75.0087299834597,,,,
2026-01-06,11.94,,,,,,,43.21341458839986,56.43849120739192,75.0087299834597,,,,
2026-01-07,11.89,,,,,,,43.21341458839986,56.43849120739192,75.0087299834597,,,,
